{
    "loss": 0.7390521168708801,
    "accuracy": 0.7843137383460999
}